dataset,method,intensity,model,cer,wer,cer_lower,wer_lower
iam,none,none,microsoft/trocr-base-handwritten,0.04855273213603362,0.11865648619466296,0.046761559037065345,0.11248650316211631
rimes,none,none,microsoft/trocr-base-handwritten,0.2461372721344938,0.8077673346338003,0.24106256910384713,0.7992551870899096
iam,awgn,50,microsoft/trocr-base-handwritten,0.05046331677493313,0.12251272559000463,0.04868806521462234,0.11638130495141139
iam,awgn,100,microsoft/trocr-base-handwritten,0.07289676474334479,0.157720191269474,0.07076327856324036,0.1507403979639056
iam,awgn,150,microsoft/trocr-base-handwritten,0.11816965991593427,0.22019126947400894,0.11582919373328239,0.21355853771402128
iam,awgn,200,microsoft/trocr-base-handwritten,0.20375589096930327,0.32866728366496994,0.2008024455483378,0.32157180317754125
iam,awgn,250,microsoft/trocr-base-handwritten,0.30141064832505415,0.4509871972852075,0.29781238058846005,0.4431975937066173
iam,blur,1.0,microsoft/trocr-base-handwritten,0.04986625907527704,0.12093166743791454,0.04805916443765126,0.11456887243560081
iam,blur,2.0,microsoft/trocr-base-handwritten,0.055972169150426694,0.13111213944161654,0.054149152974143425,0.12532778034860403
iam,blur,3.0,microsoft/trocr-base-handwritten,0.07639154247866514,0.16427579824155483,0.07436950706916316,0.15787444084528768
iam,blur,4.0,microsoft/trocr-base-handwritten,0.13166316392816202,0.24205614684559618,0.1291873646669214,0.23511491593398118
iam,blur,5.0,microsoft/trocr-base-handwritten,0.248105336899758,0.38323307110905447,0.24500859763087504,0.37687027610674073
iam,jpeg_compression,10,microsoft/trocr-base-handwritten,0.04971500445803082,0.12089310504396113,0.047891988281747545,0.11472312201141446
iam,jpeg_compression,6,microsoft/trocr-base-handwritten,0.05153005986498535,0.12390097177232763,0.04971500445803082,0.11773098873978097
iam,jpeg_compression,3,microsoft/trocr-base-handwritten,0.05907686918863839,0.1372821224741632,0.0571025983951089,0.13118926422952337
iam,jpeg_compression,1,microsoft/trocr-base-handwritten,0.06447427079352949,0.14511028844670676,0.06257164692395874,0.13909455498997378
rimes,awgn,50,RIMES-base,0.03943526209848893,0.11952473842879943,0.03815949876676211,0.11384997339953892
rimes,awgn,100,RIMES-base,0.04623933320103195,0.13548501507359462,0.04516202194312931,0.13051959567299168
rimes,awgn,150,RIMES-base,0.06296600799478355,0.16953360524915764,0.061094888441584214,0.16439084944139032
rimes,awgn,200,RIMES-base,0.11028265245371814,0.2562511083525448,0.10829813171547642,0.2500443341017911
rimes,awgn,250,RIMES-base,0.16644458934595865,0.3435006206774251,0.16394976327502622,0.3376485192410002
rimes,blur,1.0,RIMES-base,0.03838630113684688,0.116155346692676,0.03716723839764126,0.11065791807057988
rimes,blur,2.0,RIMES-base,0.04703314149632864,0.13885440680971803,0.04462336631417798,0.1319382869303068
rimes,blur,3.0,RIMES-base,0.07220820457573782,0.18921794644440504,0.06891957020950869,0.18088313530767866
rimes,blur,4.0,RIMES-base,0.15068182462506732,0.3137081042738074,0.14651433107475972,0.30555062954424544
rimes,blur,5.0,RIMES-base,0.3156238482692144,0.5524029083170775,0.3110027499787373,0.5430040787373648
rimes,jpeg_compression,10,RIMES-base,0.03762084313781079,0.1143819826210321,0.03637343010234457,0.1085298811846072
rimes,jpeg_compression,6,RIMES-base,0.037394040767726025,0.11384997339953892,0.03634507980608397,0.10888455399893598
rimes,jpeg_compression,3,RIMES-base,0.04020072009752502,0.12041142046462139,0.03912340883962238,0.11526866465685405
rimes,jpeg_compression,1,RIMES-base,0.04099452839282171,0.12165277531477212,0.03983216624613727,0.11651001950700479
rimes,none,none,RIMES-base,0.036458480991126356,0.11065791807057988,0.034984265585575366,0.10533782585564816
rimes,none,none,RIMES_awgn,0.03747909165650781,0.11101259088490867,0.03651518158364755,0.10640184429863452
rimes,awgn,50,RIMES_awgn,0.0361749780285204,0.10746586274162086,0.035069316474357154,0.10303245256251109
rimes,awgn,100,RIMES_awgn,0.03835795084058628,0.11331796417804575,0.03722393899016245,0.10799787196311403
rimes,awgn,150,RIMES_awgn,0.04360275564879653,0.12537683986522433,0.042298642020809116,0.12058875687178577
rimes,awgn,200,RIMES_awgn,0.05403566467269583,0.1512679553112254,0.0528449522297508,0.1452385174676361
rimes,awgn,250,RIMES_awgn,0.0701953335412355,0.18868593722291185,0.06798401043290903,0.18176981734350062
rimes,blur,1.0,RIMES_awgn,0.036940436027556485,0.1104805816634155,0.03600487625095682,0.10569249866997694
rimes,blur,2.0,RIMES_awgn,0.043092450316105806,0.1239581486079092,0.040937827800300516,0.11633268309984039
rimes,blur,3.0,RIMES_awgn,0.06503557962180705,0.16616421351303423,0.061179939330366,0.15623337471182833
rimes,blur,4.0,RIMES_awgn,0.13576956879199387,0.27593544954779214,0.13114847050151673,0.26494059230359995
rimes,blur,5.0,RIMES_awgn,0.29688430244096053,0.4676361056924987,0.29104414141127777,0.45841461251995036
rimes,jpeg_compression,10,RIMES_awgn,0.036798684546253506,0.10977123603475794,0.03583477447339325,0.10498315304131939
rimes,jpeg_compression,6,RIMES_awgn,0.036543531879908144,0.10782053555594964,0.03563632239956908,0.10303245256251109
rimes,jpeg_compression,3,RIMES_awgn,0.038471352025628666,0.11154460010640184,0.03668528336121112,0.10551516226281256
rimes,jpeg_compression,1,RIMES_awgn,0.039208459728404164,0.11367263699237454,0.03728063958268364,0.10675651711296329
rimes,none,none,RIMES_blur,0.038953307062058795,0.11207660932789501,0.03804609758171973,0.10782053555594964
rimes,awgn,50,RIMES_blur,0.04011566920874323,0.11686469232133356,0.039010007654579994,0.11296329136371697
rimes,awgn,100,RIMES_blur,0.043971309500184276,0.12679553112253947,0.042893998242281635,0.12183011172193652
rimes,awgn,150,RIMES_blur,0.061350041107929576,0.1627948217769108,0.06030108014628753,0.1587160844121298
rimes,awgn,200,RIMES_blur,0.09970799194851586,0.22628125554176273,0.09778017180279534,0.22025181769817342
rimes,awgn,250,RIMES_blur,0.14917925892325576,0.3000532009221493,0.14716638788875344,0.2942010994857244
rimes,blur,1.0,RIMES_blur,0.036798684546253506,0.10711118992729207,0.035863124769653844,0.1026777797481823
rimes,blur,2.0,RIMES_blur,0.037790944915374367,0.10888455399893598,0.0368270348425141,0.10445114381982622
rimes,blur,3.0,RIMES_blur,0.043290902389929976,0.1200567476502926,0.04139143254047005,0.11384997339953892
rimes,blur,4.0,RIMES_blur,0.05868511325943356,0.15357332860436249,0.05661554163241006,0.14647987231778684
rimes,blur,5.0,RIMES_blur,0.09732656706262581,0.220961163326831,0.09449153743656621,0.21386770704025537
rimes,jpeg_compression,10,RIMES_blur,0.037535792249029004,0.10870721759177158,0.03662858276868993,0.10409647100549743
rimes,jpeg_compression,6,RIMES_blur,0.03810279817424092,0.10977123603475794,0.03733734017520483,0.10604717148430573
rimes,jpeg_compression,3,RIMES_blur,0.03858475321067105,0.11331796417804575,0.037734244322853175,0.10923922681326477
rimes,jpeg_compression,1,RIMES_blur,0.03949196269101012,0.11491399184252526,0.038471352025628666,0.10977123603475794
rimes,none,none,RIMES_jpeg_compression,0.03600487625095682,0.10604717148430573,0.03487086440053298,0.10179109771236035
rimes,awgn,50,RIMES_jpeg_compression,0.038556402914410454,0.1143819826210321,0.03722393899016245,0.10994857244192233
rimes,awgn,100,RIMES_jpeg_compression,0.043375953278711764,0.12697286752970385,0.042241941428287924,0.12165277531477212
rimes,awgn,150,RIMES_jpeg_compression,0.05689904459501602,0.1587160844121298,0.05590678422589516,0.1548146834545132
rimes,awgn,200,RIMES_jpeg_compression,0.09253536699458509,0.2188331264408583,0.09066424744138576,0.21351303422592657
rimes,awgn,250,RIMES_jpeg_compression,0.14359425055991834,0.30572796595140983,0.14141127774785248,0.29952119170065616
rimes,blur,1.0,RIMES_jpeg_compression,0.037252289286423046,0.11012590884908671,0.035863124769653844,0.1046284802269906
rimes,blur,2.0,RIMES_jpeg_compression,0.04193008816942137,0.11987941124312822,0.04054092365265217,0.11509132824968966
rimes,blur,3.0,RIMES_jpeg_compression,0.061491792589232555,0.16244014896258202,0.058316559408045816,0.15392800141869126
rimes,blur,4.0,RIMES_jpeg_compression,0.12428769880645253,0.2743394218833126,0.12003515436736314,0.26405391026777797
rimes,blur,5.0,RIMES_jpeg_compression,0.2577041930088169,0.43553821599574394,0.25319649590338217,0.42649405923036
rimes,jpeg_compression,10,RIMES_jpeg_compression,0.03648683128738695,0.10817520837027841,0.03529611884444193,0.10356446178400426
rimes,jpeg_compression,6,RIMES_jpeg_compression,0.03651518158364755,0.10906189040610037,0.035182717659399544,0.10427380741266182
rimes,jpeg_compression,3,RIMES_jpeg_compression,0.035778073880872056,0.10728852633445646,0.03470076262296941,0.10179109771236035
rimes,jpeg_compression,1,RIMES_jpeg_compression,0.03815949876676211,0.11367263699237454,0.03705383721259887,0.10870721759177158
iam,none,none,iam_awgn,0.05865494841421475,0.28493752892179547,0.05702299070182142,0.28077279037482644
iam,awgn,50,iam_awgn,0.05874251687683098,0.2838192194971464,0.057198127627053875,0.27980873052599103
iam,awgn,100,iam_awgn,0.0630811361609986,0.2892565170445781,0.06144917844860527,0.28486040413388863
iam,awgn,150,iam_awgn,0.07722742325818367,0.3069952182631498,0.07532479938861292,0.30248341817060004
iam,awgn,200,iam_awgn,0.09896032352566551,0.33476014190960973,0.09687460196153357,0.3294770939379917
iam,awgn,250,iam_awgn,0.13673417399057444,0.377178775258368,0.13409915934275887,0.37120160419558845
iam,blur,1.0,iam_awgn,0.05989682842949943,0.28651858707388556,0.05822506687046236,0.2822767237390097
iam,blur,2.0,iam_awgn,0.06534995541969175,0.2943467530464291,0.06354286078206597,0.28952645380225206
iam,blur,3.0,iam_awgn,0.08218698254999363,0.31783125096405984,0.0801569863711629,0.3125867653863952
iam,blur,4.0,iam_awgn,0.12457807922557636,0.3670368656486195,0.12185549611514457,0.36078975782816597
iam,blur,5.0,iam_awgn,0.21496465418418037,0.46325003856239394,0.2115494841421475,0.4566558691963597
iam,jpeg_compression,10,iam_awgn,0.058471850719653544,0.28462902977016813,0.05695134377786269,0.2805799784050594
iam,jpeg_compression,6,iam_awgn,0.059721691504266976,0.28559308961900354,0.058057890714558656,0.28123553910226745
iam,jpeg_compression,3,iam_awgn,0.06325627308623105,0.29091469998457503,0.06155266844987899,0.28678852383155945
iam,jpeg_compression,1,iam_awgn,0.0653897592663355,0.2926114453185254,0.06371799770729843,0.28821533240783587
iam,none,none,iam_blur,0.05844000764233855,0.2841662810427271,0.05680008916061648,0.28000154249575815
iam,awgn,50,iam_blur,0.060207298433320594,0.28462902977016813,0.05848777225831105,0.280541416011106
iam,awgn,100,iam_blur,0.07316743090052223,0.30140367113990435,0.07140810087886894,0.29693043344130804
iam,awgn,150,iam_blur,0.09857820659788562,0.3315209008175228,0.0965322888803974,0.32627641523985806
iam,awgn,200,iam_blur,0.146191567953127,0.3863566250192812,0.14372372946121514,0.3803408915625482
iam,awgn,250,iam_blur,0.21715386574958603,0.4642526608051828,0.21424818494459305,0.4585454265000771
iam,blur,1.0,iam_blur,0.05721404916571137,0.282122474163196,0.055677620685263024,0.27818910997994756
iam,blur,2.0,iam_blur,0.05830467456374984,0.28324078358784516,0.056680677620685266,0.2789603578590159
iam,blur,3.0,iam_blur,0.06328811616354604,0.2908375751966682,0.06166411922048147,0.2868270862255129
iam,blur,4.0,iam_blur,0.07697267863966374,0.30718803023291685,0.07534072092727041,0.30298472929199444
iam,blur,5.0,iam_blur,0.10961183288753025,0.34544192503470617,0.10761367978601452,0.3409301249421564
iam,jpeg_compression,10,iam_blur,0.05812953763851739,0.2841662810427271,0.05648165838746656,0.28004010488971154
iam,jpeg_compression,6,iam_blur,0.06007992612406063,0.28605583834644455,0.0584798114889823,0.2817754126176153
iam,jpeg_compression,3,iam_blur,0.06376576232327093,0.29172451025759677,0.062372627690740035,0.28809964522597564
iam,jpeg_compression,1,iam_blur,0.06708540313335881,0.2942310658645689,0.0655569354222392,0.290451951257134
iam,none,none,iam_jpeg_compression,0.05667271685135652,0.2793459817985501,0.05519997452553815,0.27537405522134817
iam,awgn,50,iam_jpeg_compression,0.059108712265953385,0.2822381613450563,0.05747675455356006,0.2782662347678544
iam,awgn,100,iam_jpeg_compression,0.06897210546427207,0.2961206231682863,0.06717297159597503,0.29133888631806265
iam,awgn,150,iam_jpeg_compression,0.09435899885364922,0.3258136665124171,0.09241657113743472,0.32087768008637974
iam,awgn,200,iam_jpeg_compression,0.13695707553177938,0.3757134042881382,0.13450515857852502,0.36977479561931204
iam,awgn,250,iam_jpeg_compression,0.204902241752643,0.45029307419404596,0.20185326709973253,0.4445858398889403
iam,blur,1.0,iam_jpeg_compression,0.057524519169532544,0.28123553910226745,0.05599605145841294,0.27699367576739164
iam,blur,2.0,iam_jpeg_compression,0.06301745000636862,0.2896421409841123,0.06136957075531779,0.2854774024371433
iam,blur,3.0,iam_jpeg_compression,0.07855687173608457,0.30946321147616845,0.07670997325181506,0.3049514113836187
iam,blur,4.0,iam_jpeg_compression,0.12168035918991212,0.3627178775258368,0.11917271685135651,0.3570106432207311
iam,blur,5.0,iam_jpeg_compression,0.21066583874665648,0.4559617461051982,0.20765666794038976,0.4497146382847447
iam,jpeg_compression,10,iam_jpeg_compression,0.05638612915552159,0.28004010488971154,0.05489746529104573,0.27610674070646307
iam,jpeg_compression,6,iam_jpeg_compression,0.056903579161890205,0.280541416011106,0.05543083683607184,0.27660805182785747
iam,jpeg_compression,3,iam_jpeg_compression,0.05976945612023946,0.28435909301249424,0.05814545917717488,0.28023291685947865
iam,jpeg_compression,1,iam_jpeg_compression,0.06072474843968921,0.2852845904673762,0.059084829957967135,0.2811584143143606
catmus,awgn,50,CATMuS_base,0.16244059733818061,0.4883645659253192,0.15906014474186733,0.4810127418406642
catmus,awgn,100,CATMuS_base,0.3269333965027967,0.6689036996915272,0.32387443135396976,0.6637052400737165
catmus,awgn,150,CATMuS_base,0.490141454476894,0.8336426868175784,0.4872770738357562,0.8305117213044368
catmus,awgn,200,CATMuS_base,0.629085670361758,0.9506509633994095,0.6264400462168421,0.9486693396569149
catmus,awgn,250,CATMuS_base,0.744363092274149,1.0134486197990633,0.741738014319486,1.0124247808654412
catmus,blur,1.0,CATMuS_base,0.1150876718024085,0.4230106148978473,0.11168063001870912,0.41510393616529384
catmus,blur,2.0,CATMuS_base,0.17478764908073927,0.5062784445574704,0.17106758004554,0.49884735552311565
catmus,blur,3.0,CATMuS_base,0.32364117166462814,0.6605742745605749,0.3194956756312515,0.6545501383833914
catmus,blur,4.0,CATMuS_base,0.4884192002939314,0.8119637230746874,0.4845855229126279,0.8079674485273233
catmus,blur,5.0,CATMuS_base,0.6207717149058984,0.9213229320104894,0.6174238944941044,0.9190572755315706
catmus,jpeg_compression,10,CATMuS_base,0.1218642887875814,0.4329319444352703,0.11843670081362913,0.4252762713767661
catmus,jpeg_compression,6,CATMuS_base,0.1466720006188029,0.4714216829269904,0.14303895074232176,0.46401701554253555
catmus,jpeg_compression,3,CATMuS_base,0.25831516405528615,0.6061720974166231,0.2545334564493283,0.5999431934527152
catmus,jpeg_compression,1,CATMuS_base,0.30967459669037134,0.6563534159890614,0.3058735514935872,0.6509303723471012
iam,downscale,35,microsoft/trocr-base-handwritten,0.09947777353203413,0.3331019589696128,0.09740797350655968,0.32785747339194815
iam,downscale,15,microsoft/trocr-base-handwritten,0.5218204687300981,0.7305259910535246,0.5172907909820404,0.7260141909609749
catmus,none,none,CATMuS_awgn,0.13519393186399872,0.4349532006526148,0.13091186409541167,0.42577828272486473
catmus,awgn,50,CATMuS_awgn,0.11925129682718479,0.4105329907326063,0.11527983911124433,0.4013052295050564
catmus,awgn,100,CATMuS_awgn,0.14597947314733795,0.4443659134294641,0.14209745178896888,0.4360761207733617
catmus,awgn,150,CATMuS_awgn,0.21034343561307414,0.5226268404330509,0.20667050195551387,0.5154533624852203
catmus,awgn,200,CATMuS_awgn,0.29987043814146414,0.6156971022055472,0.29614070031085177,0.6100560799519126
catmus,awgn,250,CATMuS_awgn,0.396927015097824,0.7083710392295447,0.3932371610482908,0.7038793587465569
catmus,none,none,CATMuS_blur,0.10563400708722703,0.39546604487717235,0.10212423435226323,0.3867402949977211
catmus,blur,1.0,CATMuS_blur,0.09963089373510402,0.3840122596455536,0.09614045859096644,0.37518742857897763
catmus,blur,2.0,CATMuS_blur,0.10629873677187927,0.3936429510340773,0.10283609941455443,0.38493701739205105
catmus,blur,3.0,CATMuS_blur,0.14028213545015494,0.44079899069297385,0.13670709834615255,0.433017814797445
catmus,blur,4.0,CATMuS_blur,0.2091106641979009,0.5231750896684744,0.2055356270938985,0.5163583039942929
catmus,blur,5.0,CATMuS_blur,0.29395192674920595,0.6105382750625863,0.29013758695872877,0.6048972528089517
catmus,none,none,CATMuS_jpeg_compression,0.10013487969601308,0.38424344908217795,0.09651995881093153,0.37521385022887754
catmus,jpeg_compression,10,CATMuS_jpeg_compression,0.10692599987430566,0.39621245648684533,0.10327361240699827,0.3873413875329445
catmus,jpeg_compression,6,CATMuS_jpeg_compression,0.11665764245761442,0.4107179422819058,0.11301734098457343,0.40218374936422907
catmus,jpeg_compression,3,CATMuS_jpeg_compression,0.16538837133975665,0.4803257789432661,0.1618362976248604,0.47307303604573586
catmus,jpeg_compression,1,CATMuS_jpeg_compression,0.19238123093434403,0.5111466335515321,0.18876389285040923,0.5043100316399257
catmus,none,none,CATMuS_base,0.10822524425794412,0.4096478654609587,0.10492335062436246,0.40177421379078015
iam,downscale,30,microsoft/trocr-base-handwritten,0.12161667303528213,0.3574733919481721,0.11930804992994523,0.3515733456732994
iam,downscale,25,microsoft/trocr-base-handwritten,0.17446822060883962,0.4109979947555144,0.17171379442109286,0.40548357242017585
iam,downscale,20,microsoft/trocr-base-handwritten,0.27635014647815564,0.5098719728520746,0.2733330149025602,0.5057843590930124
iam,downscale,35,iam_awgn,0.06953732008661317,0.2995141138361869,0.0677302254489874,0.2947709393799167
iam,downscale,30,iam_awgn,0.07870016558400204,0.3127795773561623,0.0767020124824863,0.307573654172451
iam,downscale,25,iam_awgn,0.10907846134250414,0.34659879685330863,0.106745955929181,0.34123862409378375
iam,downscale,20,iam_awgn,0.1761240606292192,0.41732222736387475,0.1738472806011973,0.41223199136202376
iam,downscale,15,iam_awgn,0.3641653929435741,0.6043498380379454,0.36011336135524136,0.5981412926114453
iam,downscale,35,iam_blur,0.07203700165584002,0.3014807959278112,0.07047669086740542,0.2975859941385161
iam,downscale,30,iam_blur,0.08493344796841167,0.31806262532778035,0.08302286332951217,0.3131652012956964
iam,downscale,25,iam_blur,0.11671283912877341,0.35442696282585223,0.11464303910329894,0.3494909763998149
iam,downscale,20,iam_blur,0.1839096930327347,0.4248804565787444,0.1815851483887403,0.4204843436680549
iam,downscale,15,iam_blur,0.33892179340211437,0.5761992904519513,0.3355384664373965,0.5708776800863797
iam,downscale,35,iam_jpeg_compression,0.0642115654056808,0.29041338886318063,0.06265125461724622,0.2864414622859787
iam,downscale,30,iam_jpeg_compression,0.07289676474334479,0.3024448557766466,0.07108967010571901,0.2977016813203764
iam,downscale,25,iam_jpeg_compression,0.09724875811998472,0.3311352768779886,0.09513915424786651,0.3262378528459047
iam,downscale,20,iam_jpeg_compression,0.15026748184944594,0.38762918401974394,0.14799866259075278,0.38300169674533396
iam,downscale,15,iam_jpeg_compression,0.31275474461851993,0.5533317908375752,0.3093475353458158,0.5479330556840969
iam,downscale,35,iam_downscale,0.06308909693032734,0.28813820761992903,0.061640236912495226,0.2843205306185408
iam,downscale,30,iam_downscale,0.06780983314227487,0.29585068641061235,0.06622564004585403,0.29211013419713094
iam,downscale,25,iam_downscale,0.08021271175646415,0.3102730217491902,0.07848522481212585,0.30595403362640755
iam,downscale,20,iam_downscale,0.11612374219844605,0.35284590467376215,0.11414947140491657,0.3481798550053987
iam,downscale,15,iam_downscale,0.23149917207998982,0.4751658182939997,0.2287606674309005,0.4698442079284282
iam,none,none,iam_downscale,0.057596166093491274,0.28142835107203457,0.05613138453700166,0.27745642449483265
iam,awgn,50,iam_downscale,0.05956247611769201,0.2841662810427271,0.057954400713284934,0.27977016813203764
iam,awgn,100,iam_downscale,0.0715673162654439,0.3003624865031621,0.06983982932110559,0.2958892488045658
iam,awgn,150,iam_downscale,0.09755126735447714,0.33182939996915006,0.09546554579034518,0.3267777263612525
iam,awgn,200,iam_downscale,0.14438447331550122,0.3852768779885855,0.1418051840529869,0.3793382693197594
iam,awgn,250,iam_downscale,0.21815692268500828,0.4658337189572729,0.21489300726022162,0.45950948634891253
iam,blur,1.0,iam_downscale,0.05799420455992867,0.2818910997994756,0.05655330531142529,0.2779962980101805
iam,blur,2.0,iam_downscale,0.06295376385173863,0.2887937683171371,0.06149694306457776,0.2848218417399352
iam,blur,3.0,iam_downscale,0.0740112724493695,0.30441153786827085,0.07237931473697617,0.2998997377757211
iam,blur,4.0,iam_downscale,0.10087886893389378,0.33799938300169674,0.09886479429372054,0.3332176461514731
iam,blur,5.0,iam_downscale,0.15760731117055152,0.3993135893876292,0.15509170806266717,0.3941847909918248
iam,jpeg_compression,10,iam_downscale,0.05808973379187365,0.2813126638901743,0.056648834543370274,0.2775335492827395
iam,jpeg_compression,6,iam_downscale,0.05898930072602216,0.28324078358784516,0.05758024455483378,0.27942310658645686
iam,jpeg_compression,3,iam_downscale,0.06144917844860527,0.2864414622859787,0.05986498535218444,0.28231528613296314
iam,jpeg_compression,1,iam_downscale,0.06280250923449242,0.2875597717106278,0.061210355368742836,0.28354928273947244
rimes,downscale,35,RIMES-base,0.06741700450769711,0.17556304309274695,0.06458197488163751,0.1688242596205001
rimes,downscale,30,RIMES-base,0.08882147818444702,0.2170597623692144,0.08592974796586625,0.20890228763965243
rimes,downscale,25,RIMES-base,0.15065347432880674,0.3128214222379855,0.14722308848127463,0.30466394750842346
rimes,downscale,20,RIMES-base,0.28341791171717745,0.48661110125908846,0.2783148583902702,0.4773896080865402
rimes,downscale,15,RIMES-base,0.5767300768293029,0.825323638943075,0.5699543560230205,0.8169888278063486
rimes,downscale,35,RIMES_awgn,0.06021602925750574,0.1606667848909381,0.05828820911178522,0.15357332860436249
rimes,downscale,30,RIMES_awgn,0.07949423071471097,0.20127682213158363,0.07643239871856661,0.19276467458769286
rimes,downscale,25,RIMES_awgn,0.14487001389164517,0.29207306259975174,0.14149632863663425,0.28409292427735416
rimes,downscale,20,RIMES_awgn,0.27709579565106457,0.4676361056924987,0.2720210926204179,0.45841461251995036
rimes,downscale,15,RIMES_awgn,0.6042865647946021,0.7889696754743749,0.5974257930995379,0.7820535555949637
rimes,downscale,35,RIMES_blur,0.05723924815014317,0.151090618904061,0.05468772148668954,0.14488384465330734
rimes,downscale,30,RIMES_blur,0.0778499135315964,0.18708990955843235,0.07524168627562158,0.18106047171484305
rimes,downscale,25,RIMES_blur,0.12910724917075383,0.26884199326121655,0.1272361296175545,0.26405391026777797
rimes,downscale,20,RIMES_blur,0.2571088367873444,0.43358751551693564,0.2534516485697276,0.4254300407873736
rimes,downscale,15,RIMES_blur,0.5628100813653503,0.7623692143997163,0.5562044623366315,0.7549210852988119
rimes,downscale,35,RIMES_jpeg_compression,0.061350041107929576,0.16190813974108884,0.059620673036033224,0.15623337471182833
rimes,downscale,30,RIMES_jpeg_compression,0.08042979049131063,0.20393686823904947,0.07753806027272984,0.19631140273098066
rimes,downscale,25,RIMES_jpeg_compression,0.1378107901227568,0.29295974463557367,0.13520256286678195,0.28568895194183364
rimes,downscale,20,RIMES_jpeg_compression,0.26365775522354207,0.45965596737010106,0.2584980013041136,0.45007980138322395
rimes,downscale,15,RIMES_jpeg_compression,0.5452612479800414,0.7625465508068806,0.5388257307288861,0.7552757581131406
rimes,none,none,RIMES_downscale,0.03637343010234457,0.10640184429863452,0.03504096617809656,0.10179109771236035
rimes,awgn,50,RIMES_downscale,0.039066708247101185,0.11544600106401845,0.03764919343407139,0.1104805816634155
rimes,awgn,100,RIMES_downscale,0.043290902389929976,0.12537683986522433,0.04153318402177303,0.120234084057457
rimes,awgn,150,RIMES_downscale,0.05471607178295013,0.1532186557900337,0.053497009043744506,0.1491399184252527
rimes,awgn,200,RIMES_downscale,0.08017463782496527,0.2035821954247207,0.07819011708672356,0.1979074303954602
rimes,awgn,250,RIMES_downscale,0.13233918294446176,0.2743394218833126,0.13012785983613528,0.2674233020039014
rimes,blur,1.0,RIMES_downscale,0.03668528336121112,0.10746586274162086,0.03532446914070252,0.10232310693385352
rimes,blur,2.0,RIMES_downscale,0.03946361239474953,0.11331796417804575,0.038556402914410454,0.10870721759177158
rimes,blur,3.0,RIMES_downscale,0.050803730898987896,0.1393864160312112,0.04918776401213393,0.13282496896612875
rimes,blur,4.0,RIMES_downscale,0.07527003657188218,0.18106047171484305,0.07345561761120403,0.17485369746408938
rimes,blur,5.0,RIMES_downscale,0.12757633317268166,0.259975172902997,0.12485470473166445,0.25252704380209257
rimes,jpeg_compression,10,RIMES_downscale,0.0368553851387747,0.10675651711296329,0.035437870325744907,0.10179109771236035
rimes,jpeg_compression,6,RIMES_downscale,0.03671363365747172,0.10622450789147012,0.03535281943696312,0.10143642489803156
rimes,jpeg_compression,3,RIMES_downscale,0.037790944915374367,0.11118992729207307,0.036458480991126356,0.10622450789147012
rimes,jpeg_compression,1,RIMES_downscale,0.0389249567657982,0.11296329136371697,0.03745074136024722,0.10746586274162086
rimes,downscale,35,RIMES_downscale,0.04482181838800216,0.12732754034403262,0.043772857426360105,0.12271679375775847
rimes,downscale,30,RIMES_downscale,0.05151248830550279,0.1413371165100195,0.05026507527003657,0.13637169710941657
rimes,downscale,25,RIMES_downscale,0.06979842939358716,0.17325766979960985,0.06874946843194511,0.1688242596205001
rimes,downscale,20,RIMES_downscale,0.1294758030221416,0.26706862918957264,0.12689592606242736,0.25926582727433944
rimes,downscale,15,RIMES_downscale,0.29036373430102347,0.47987231778684164,0.2865080940095824,0.47402021635041675
iam,none,none,iam_combo,0.05902114380333715,0.2870584605892334,0.0573175391669851,0.2831250964059849
iam,awgn,50,iam_combo,0.059944593045471915,0.2864028998920253,0.05833651764106483,0.2824695357087768
iam,awgn,100,iam_combo,0.06981594701311934,0.3005167360789758,0.0680804992994523,0.2961591855622397
iam,awgn,150,iam_combo,0.09243249267609221,0.3287444084528768,0.09039453572793275,0.32388554681474624
iam,awgn,200,iam_combo,0.1334224939498153,0.37590621625790527,0.13093873391924596,0.3703146691346599
iam,awgn,250,iam_combo,0.1993615462998344,0.44824926731451487,0.19632053241625272,0.4421564090698751
iam,blur,1.0,iam_combo,0.05975353458158197,0.2875597717106278,0.05815341994650363,0.28374209470923956
iam,blur,2.0,iam_combo,0.06238854922939753,0.29187875983341044,0.06073270920901796,0.28771402128644147
iam,blur,3.0,iam_combo,0.07097821933511654,0.3028690421101342,0.0692109285441345,0.29835724201758446
iam,blur,4.0,iam_combo,0.09139759266335498,0.32762609902822765,0.08946312571646924,0.32288292457195744
iam,blur,5.0,iam_combo,0.13950452171697872,0.3814206385932439,0.13710036937969686,0.37671602653092706
iam,jpeg_compression,10,iam_combo,0.05945898611641829,0.28632577510411844,0.05786683225066871,0.2824695357087768
iam,jpeg_compression,6,iam_combo,0.060931728442236655,0.2891793922566713,0.05933957457648707,0.28543884004318987
iam,jpeg_compression,3,iam_combo,0.06335976308750478,0.2923800709548049,0.06174372691376895,0.2882924571957427
iam,jpeg_compression,1,iam_combo,0.06589924850337536,0.2951565633194509,0.06427525156031079,0.291184636742249
iam,downscale,35,iam_combo,0.06849445930454719,0.30020823692734844,0.06677493312953764,0.29558074965293846
iam,downscale,30,iam_combo,0.07565915170042033,0.30946321147616845,0.07381225321615081,0.30491284898966525
iam,downscale,25,iam_combo,0.09557699656094765,0.33244639827240474,0.0934753534581582,0.32781891099799476
iam,downscale,20,iam_combo,0.14930422876066743,0.39221810890020053,0.14708317411794675,0.38735924726207005
iam,downscale,15,iam_combo,0.30124347216915043,0.5439996915008484,0.2979158705897338,0.5385623939534167
iam,none,none,iam_mixed,0.057444911476245065,0.2817368502236619,0.05601197299707044,0.2778034860404134
iam,awgn,50,iam_mixed,0.05876639918481722,0.2829708468301712,0.05722200993504012,0.27869042110134196
iam,awgn,100,iam_mixed,0.0669023054387976,0.2942310658645689,0.06533403388103426,0.2900663273175999
iam,awgn,150,iam_mixed,0.08330149025601834,0.3142835107203455,0.0815341994650363,0.30992596020360946
iam,awgn,200,iam_mixed,0.11412558909693032,0.34922103964214096,0.11197618137816838,0.34405367885238314
iam,awgn,250,iam_mixed,0.1592313081136161,0.40155020823692733,0.15691472423895045,0.39619003547740245
iam,blur,1.0,iam_mixed,0.05815341994650363,0.2828937220422644,0.056720481467329005,0.2788446706771556
iam,blur,2.0,iam_mixed,0.060931728442236655,0.28690421101341973,0.05937937842313081,0.28281659725435754
iam,blur,3.0,iam_mixed,0.06796904852884983,0.2970075582292149,0.066321169277799,0.29245719574271173
iam,blur,4.0,iam_mixed,0.08397019487963317,0.3154018201449946,0.08225066870462361,0.31115995681011877
iam,blur,5.0,iam_mixed,0.12312921920774424,0.36048125867653863,0.12097981148898229,0.35539102267468764
iam,jpeg_compression,10,iam_mixed,0.05801012609858617,0.2826237852845905,0.056505540695452806,0.27869042110134196
iam,jpeg_compression,6,iam_mixed,0.05857534072092727,0.28354928273947244,0.0571185199337664,0.27965448095017736
iam,jpeg_compression,3,iam_mixed,0.060931728442236655,0.2871741477710936,0.059403260731117055,0.28324078358784516
iam,jpeg_compression,1,iam_mixed,0.0632960769328748,0.28968070337806573,0.061680040759138965,0.2852845904673762
iam,downscale,35,iam_mixed,0.06473697618137816,0.29284281968224585,0.06319258693160107,0.288408144377603
iam,downscale,30,iam_mixed,0.07069163163928162,0.3010180472003702,0.06890841930964209,0.2963519975320068
iam,downscale,25,iam_mixed,0.08672462106737995,0.31975937066173066,0.08484587950579545,0.31501619620546045
iam,downscale,20,iam_mixed,0.12824799388612915,0.36672836649699214,0.12624984078461343,0.36190806725281505
iam,downscale,15,iam_mixed,0.25271462234110303,0.49679932130186644,0.24974525538148007,0.4913234613604813
rimes,none,none,RIMES_combo,0.037592492841550196,0.11154460010640184,0.03662858276868993,0.10746586274162086
rimes,awgn,50,RIMES_combo,0.037790944915374367,0.11207660932789501,0.03665693306495053,0.10764319914878524
rimes,awgn,100,RIMES_combo,0.040824426615258126,0.11970207483596382,0.03971876506109489,0.11420464621386771
rimes,awgn,150,RIMES_combo,0.0514557877129816,0.14275580776733462,0.05018002438125478,0.1377903883667317
rimes,awgn,200,RIMES_combo,0.0757803419045729,0.19063663770172015,0.07427777620276133,0.186025891115446
rimes,awgn,250,RIMES_combo,0.11875939103563632,0.2562511083525448,0.11691662177869759,0.25057634332328427
rimes,blur,1.0,RIMES_combo,0.03628837921356278,0.10959389962759354,0.03535281943696312,0.10498315304131939
rimes,blur,2.0,RIMES_combo,0.03838630113684688,0.10959389962759354,0.037394040767726025,0.10480581663415499
rimes,blur,3.0,RIMES_combo,0.04743004564397698,0.12856889519418335,0.045445524905735266,0.1221847845362653
rimes,blur,4.0,RIMES_combo,0.07390922235137357,0.17715907075722645,0.07147109687296233,0.17006561447065083
rimes,blur,5.0,RIMES_combo,0.12706602783999094,0.26830998403972334,0.12468460295410087,0.26210320978896967
rimes,jpeg_compression,10,RIMES_combo,0.03742239106398662,0.10959389962759354,0.036543531879908144,0.10516048944848377
rimes,jpeg_compression,6,RIMES_combo,0.03702548691633827,0.10870721759177158,0.036061576843478015,0.10409647100549743
rimes,jpeg_compression,3,RIMES_combo,0.03781929521163496,0.11207660932789501,0.03691208573129589,0.10764319914878524
rimes,jpeg_compression,1,RIMES_combo,0.03971876506109489,0.11668735591416918,0.038613103506931645,0.11136726369923745
rimes,downscale,35,RIMES_combo,0.05341195815496272,0.14399716261748538,0.0514557877129816,0.1376130519595673
rimes,downscale,30,RIMES_combo,0.07073398917018683,0.17520837027841815,0.06798401043290903,0.16793757758467814
rimes,downscale,25,RIMES_combo,0.12088566325518102,0.255896435538216,0.11918464547954526,0.2503990069161199
rimes,downscale,20,RIMES_combo,0.22527145408669522,0.40822840929242776,0.22218127179429026,0.40078028019152334
rimes,downscale,15,RIMES_combo,0.48782354775607406,0.7047348820712892,0.48229523998525786,0.6974640893775492
rimes,none,none,RIMES_mixed,0.03495591528931477,0.10090441567653839,0.033765202846369746,0.09629366909026423
rimes,awgn,50,RIMES_mixed,0.03574972358461146,0.10604717148430573,0.034445609956624046,0.10108175208370278
rimes,awgn,100,RIMES_mixed,0.03915175913588297,0.11402730980670332,0.03796104669293794,0.10906189040610037
rimes,awgn,150,RIMES_mixed,0.04621098290477135,0.12679553112253947,0.04513367164686871,0.12324880297925164
rimes,awgn,200,RIMES_mixed,0.05777790377909449,0.1569427203404859,0.05670059252119185,0.15233197375421173
rimes,awgn,250,RIMES_mixed,0.07895557508575965,0.19950345805993971,0.07680095256995435,0.19276467458769286
rimes,blur,1.0,RIMES_mixed,0.03580642417713265,0.1046284802269906,0.03464406203044822,0.09984039723355205
rimes,blur,2.0,RIMES_mixed,0.03702548691633827,0.10728852633445646,0.035778073880872056,0.10232310693385352
rimes,blur,3.0,RIMES_mixed,0.043290902389929976,0.12236212094342969,0.04227029172454852,0.11739670154282675
rimes,blur,4.0,RIMES_mixed,0.05950727185099084,0.15782940237630785,0.058316559408045816,0.15179996453271857
rimes,blur,5.0,RIMES_mixed,0.0966461599523715,0.22060649051250222,0.09466163921412979,0.21475438907607733
rimes,jpeg_compression,10,RIMES_mixed,0.035579621807047886,0.10445114381982622,0.03441725966036345,0.09966306082638765
rimes,jpeg_compression,6,RIMES_mixed,0.03532446914070252,0.10232310693385352,0.03396365492019392,0.09753502394041497
rimes,jpeg_compression,3,RIMES_mixed,0.03671363365747172,0.10764319914878524,0.035778073880872056,0.1025004433410179
rimes,jpeg_compression,1,RIMES_mixed,0.03677033424999291,0.10959389962759354,0.03555127151078729,0.10409647100549743
rimes,downscale,35,RIMES_mixed,0.0465511864598985,0.13087426848732045,0.04550222549825646,0.12626352190104628
rimes,downscale,30,RIMES_mixed,0.05653049074362827,0.15357332860436249,0.05471607178295013,0.14807589998226636
rimes,downscale,25,RIMES_mixed,0.08329317041363082,0.20003546728143287,0.08153545204547387,0.19453803865933675
rimes,downscale,20,RIMES_mixed,0.15615343180336236,0.3096293669090264,0.15249624358574548,0.3020039014009576
rimes,downscale,15,RIMES_mixed,0.357185382587248,0.5687178577762014,0.3531596405182434,0.5626884199326122
iam,combo,1,iam_awgn,0.4761176920137562,0.7063859324386857,0.47130142656986374,0.6989819527996298
iam,combo,2,iam_awgn,0.07166284549738887,0.3017892950794385,0.06973633931983186,0.29666049668363415
iam,combo,3,iam_awgn,0.07476754553560055,0.3064167823538485,0.07283307858871481,0.3012879839580441
iam,combo,4,iam_awgn,0.08486180104445294,0.31856393644917474,0.08282384409629347,0.31343513805337037
iam,combo,5,iam_awgn,0.16012291427843586,0.40660188184482493,0.15681123423767673,0.3993521517815826
iam,combo,1,iam_blur,0.6839574576487072,0.8770630880765078,0.6784645268118711,0.8721271016504705
iam,combo,2,iam_blur,0.06257960769328748,0.29041338886318063,0.06104317921283913,0.2862100879222582
iam,combo,3,iam_blur,0.07750605018468985,0.30888477556686716,0.07557954400713285,0.3039873515347833
iam,combo,4,iam_blur,0.07645522863329512,0.30572265926268705,0.07455260476372437,0.3007095480487429
iam,combo,5,iam_blur,0.1102327728951726,0.3487968533086534,0.10801171825245191,0.34339811815517507
iam,combo,1,iam_jpeg_compression,0.6160839383518023,0.831366651241709,0.6104158705897338,0.8253123553910227
iam,combo,2,iam_jpeg_compression,0.06898802700292957,0.29696899583526143,0.06714112851866004,0.2924957581366651
iam,combo,3,iam_jpeg_compression,0.07371672398420584,0.3032546660496684,0.07180613934530633,0.2984729291994447
iam,combo,4,iam_jpeg_compression,0.0834447841039358,0.31547894493290146,0.0813511017704751,0.3102730217491902
iam,combo,5,iam_jpeg_compression,0.1501321487708572,0.3930279191732223,0.14739364412176792,0.3864723122011414
iam,combo,1,iam_downscale,0.5239937587568463,0.7425574579669906,0.5188192586931601,0.7371587228135122
iam,combo,2,iam_downscale,0.06647242389504522,0.2940768162887552,0.0647927015666794,0.28956501619620545
iam,combo,3,iam_downscale,0.06845465545790345,0.29654480950177387,0.06684658005349638,0.29253432053061856
iam,combo,4,iam_downscale,0.07699656094764998,0.3081906524757057,0.07506209400076423,0.3032546660496684
iam,combo,5,iam_downscale,0.1277544261877468,0.3715872281351226,0.12531047000382117,0.3654943698904828
iam,combo,1,iam_combo,0.48496210673799517,0.7115532932284436,0.48035282129665013,0.705383310195897
iam,combo,2,iam_combo,0.06663960005094892,0.29766311892642294,0.06488027002929563,0.2933826931975937
iam,combo,3,iam_combo,0.06765061775569992,0.29808730525991056,0.06594701311934785,0.2938068795310813
iam,combo,4,iam_combo,0.06843873391924596,0.29924417707851303,0.06662367851229142,0.29461668980410305
iam,combo,5,iam_combo,0.09363456884473316,0.33337189572728676,0.09157272958858743,0.32855159648310966
iam,combo,1,iam_mixed,0.44996656476881924,0.6891485423415086,0.44541300471277545,0.6829785593089619
iam,combo,2,iam_mixed,0.06469717233473443,0.2924957581366651,0.06297764615972487,0.2879068332562085
iam,combo,3,iam_mixed,0.06900394854158706,0.29874286595711863,0.06723665775060501,0.293961129106895
iam,combo,4,iam_mixed,0.07522927015666794,0.3052213481412926,0.07345401859635715,0.3004781736850224
iam,combo,5,iam_mixed,0.11313049293083684,0.3526530927039951,0.11082186982549994,0.34729291994447015
iam,combo,1,microsoft/trocr-base-handwritten,1.3649773914151064,1.2885623939534165,1.3541825882053242,1.283780657103193
iam,combo,2,microsoft/trocr-base-handwritten,0.08965418418035918,0.32014499460126483,0.08752069800025475,0.3146305722659263
iam,combo,3,microsoft/trocr-base-handwritten,0.11525601834161253,0.34968378836958197,0.11301904216023437,0.3438608668826161
iam,combo,4,microsoft/trocr-base-handwritten,0.12995159852248123,0.3645303100416474,0.1275394854158706,0.35886163813049515
iam,combo,5,microsoft/trocr-base-handwritten,0.2612167239842058,0.49109208699676077,0.25788116163546043,0.4843051056609594
rimes,combo,1,RIMES_awgn,0.6182916111473364,0.7762014541585387,0.6101267258242848,0.7691079978719632
rimes,combo,2,RIMES_awgn,0.05105888356533326,0.14186912573151267,0.04825220423553426,0.13406632381627948
rimes,combo,3,RIMES_awgn,0.05834490970430641,0.15836141159780104,0.054631020894168346,0.14896258201808832
rimes,combo,4,RIMES_awgn,0.061633544070535534,0.1631494945912396,0.05834490970430641,0.15286398297570492
rimes,combo,5,RIMES_awgn,0.20264791767073967,0.3310870721759177,0.19655260397471153,0.31814151445291716
rimes,combo,1,RIMES_blur,0.7030022963739971,0.8767511970207483,0.6949224619397273,0.8719631140273099
rimes,combo,2,RIMES_blur,0.04164658520681541,0.11952473842879943,0.040569273948912764,0.11420464621386771
rimes,combo,3,RIMES_blur,0.050293425566297165,0.13849973399538926,0.049131063419612736,0.13300230537329313
rimes,combo,4,RIMES_blur,0.04876250956822499,0.13442099663060827,0.045785728460862415,0.12626352190104628
rimes,combo,5,RIMES_blur,0.09542709721316588,0.21085298811846073,0.09287557054971224,0.20234084057456997
rimes,combo,1,RIMES_jpeg_compression,0.7607234995605704,0.9398829579712715,0.7515663538683979,0.9331441744990246
rimes,combo,2,RIMES_jpeg_compression,0.05086043149150909,0.1432878169888278,0.048082102457970684,0.13548501507359462
rimes,combo,3,RIMES_jpeg_compression,0.0576928528903127,0.16173080333392445,0.05505627533807728,0.15357332860436249
rimes,combo,4,RIMES_jpeg_compression,0.06410001984520738,0.17095229650647278,0.06132169081166898,0.16368150381273275
rimes,combo,5,RIMES_jpeg_compression,0.16791880475150966,0.3270083348111367,0.16437501771893517,0.31814151445291716
rimes,combo,1,RIMES_downscale,0.6343662291270944,0.8173435006206774,0.625832789952655,0.810782053555595
rimes,combo,2,RIMES_downscale,0.04201513905820316,0.11917006561447065,0.04059762424517336,0.11349530058521014
rimes,combo,3,RIMES_downscale,0.051824341564369346,0.14435183543181415,0.05052022793638194,0.13743571555240292
rimes,combo,4,RIMES_downscale,0.05885521503699714,0.1587160844121298,0.05582173333711337,0.15020393686823905
rimes,combo,5,RIMES_downscale,0.17200124741303546,0.3121120766093279,0.16803220593655205,0.30342259265827276
rimes,combo,1,RIMES_combo,0.5594930967028605,0.7437488916474552,0.5524055226377116,0.7380741266181947
rimes,combo,2,RIMES_combo,0.04110792957786409,0.11633268309984039,0.039945567431179656,0.11065791807057988
rimes,combo,3,RIMES_combo,0.04584242905338361,0.13051959567299168,0.044595016017917384,0.12484483064373116
rimes,combo,4,RIMES_combo,0.043290902389929976,0.120234084057457,0.042241941428287924,0.11509132824968966
rimes,combo,5,RIMES_combo,0.0646386754741587,0.1647455222557191,0.0619170470331415,0.15587870189749956
rimes,combo,1,RIMES_mixed,0.4070819040058969,0.5899982266359284,0.40090153942108697,0.5843234616066678
rimes,combo,2,RIMES_mixed,0.04071102543021574,0.11509132824968966,0.03969041476483429,0.11065791807057988
rimes,combo,3,RIMES_mixed,0.04762849771780115,0.13459833303777266,0.045643976979559436,0.12874623160134777
rimes,combo,4,RIMES_mixed,0.050463527343860747,0.13690370633090973,0.04890426104952797,0.13122894130164922
rimes,combo,5,RIMES_mixed,0.10024664757746718,0.21439971626174853,0.09761007002523177,0.20677425075367972
rimes,combo,1,RIMES-base,0.8399909279051966,1.2546550806880652,0.8322512970260539,1.2470296151799964
rimes,combo,2,RIMES-base,0.058118107334221646,0.16155346692676006,0.05536812859694384,0.1548146834545132
rimes,combo,3,RIMES-base,0.06985512998610835,0.1862032275226104,0.06611289087970969,0.17769107997871963
rimes,combo,4,RIMES-base,0.08008958693618348,0.2030501862032275,0.07614889575596065,0.1940060294378436
rimes,combo,5,RIMES-base,0.22518640319791342,0.41798191168646925,0.22155756527655715,0.40982443695690723
catmus,none,none,CATMuS_downscale,0.09792797714296764,0.38146917584268547,0.09435173143953861,0.3726179231262096
catmus,downscale,35,CATMuS_downscale,0.10229464687141952,0.39007602829758703,0.09871960976741713,0.38150880831753536
catmus,downscale,30,CATMuS_downscale,0.10586122377943544,0.39635117014881993,0.10233211345364537,0.3879887179554927
catmus,downscale,25,CATMuS_downscale,0.11501394723738342,0.41083683970645546,0.11145945632363392,0.4029103447364771
catmus,downscale,20,CATMuS_downscale,0.15156924549554993,0.4680331063273246,0.14819725309522314,0.4609587095666189
catmus,downscale,15,CATMuS_downscale,0.28584222459644865,0.6341460192481719,0.28249682138350796,0.6291325111796606
catmus,downscale,35,CATMuS_base,0.12130591585247352,0.43447100554194107,0.11786261608597493,0.42680212165848697
catmus,downscale,30,CATMuS_base,0.130497314492074,0.4488708047374018,0.12693798918061794,0.44144632111552207
catmus,downscale,25,CATMuS_base,0.1523548351228662,0.48425599936588043,0.148832976393636,0.4772080242550746
catmus,downscale,20,CATMuS_base,0.2118372645044017,0.5635870031904142,0.2081836684376677,0.5577412131500552
catmus,downscale,15,CATMuS_base,0.36833638706121796,0.7489811151257341,0.36466466200308434,0.7449253918660951
